﻿<WriteFixedWidth Table="poapl" StartAt="1" Output="Return">
  <Position Start="1" Length="1" Name="ActivityCode"/>
  <Position Start="2" Length="6" Name="ConsigneeNumber"/>
  <Position Start="7" Length="28" Name="PONumber" />
  <Position Start="29" Length="36" Name="WarehouseDueDate"/>
  <Position Start="37" Length="39" Name="Language" DefaultValue="EN"/>
  <Position Start="40" Length="59" Name="ItemNumber"/>
  <Position Start="60" Length="67" Name="EarlyShipDate"/>
  <Position Start="68" Length="75" Name="LastShipDate"/>
  <Position Start="76" Length="77" Name="CountryofOrigin"/>
  <Position Start="78" Length="82" Name="LoadPort"/>
  <Position Start="83" Length="87" Name="DischargePort" />
  <Position Start="88" Length="92" Name="DestinationCode"/>
  <Position Start="93" Length="99" Name="ItemQty" Type="N"/>
  <Position Start="100" Length="101" Name="ItemPackageUnit" DefaultValue="EA"/>
  <Position Start="104" Length="109" Name="StoreCode"/>
  <Position Start="110" Length="110" Name="PartialShipmentFlag" DefaultValue="N"/>
  <Position Start="114" Length="193" Name="ItemDescription"/>
  <Position Start="194" Length="200" Name="ItemTotalQuantity" Type="N" />
  <Position Start="201" Length="204" Name="CasePackQty" Type="N"/>
  <Position Start="205" Length="206" Name="CasePackageUnit" DefaultValue="EA"/>
  <Position Start="207" Length="211" Name="ClassCode"/>
  <Position Start="244" Length="259" Name="TariffCode"/>
  <Position Start="260" Length="289" Name="VendorName"/>
  <Position Start="290" Length="309" Name="LCNumber" />
  <Position Start="434" Length="443" Name="VendorNumber"/>
  <Position Start="456" Length="475" Name="DestinationName"/>
  <Position Start="498" Length="498" Name="ApprovalLetter"/>
  <Position Start="499" Length="500" Name="TransportationType" DefaultValue="OC"/>
  <Position Start="537" Length="542" Name="ADDate"/>
  <Position Start="543" Length="557" Name="UPC"/>
  <Position Start="558" Length="562" Name="BuyerCode"/>
  <Position Start="563" Length="567" Name="DistributorCode" />
  <Position Start="568" Length="574" Name="PreDistributionQty" Type="N"/>
  <Position Start="575" Length="582" Name="POCreationDate"/>
  <Position Start="583" Length="583" Name="SamplesRequired"/>
  <Position Start="584" Length="589" Name="MasterPackCubicFeet" Type="N"/>
  <Position Start="590" Length="591" Name="LOB"/>
  <Position Start="592" Length="594" Name="DutyPctOfFOB" Type="N"/>
  <Position Start="597" Length="605" Name="DutyPerPiece" Type="N"/>
  <Position Start="606" Length="614" Name="EstimatedLandedCost" Type="N" />
  <Position Start="615" Length="623" Name="UnitCost" Type="N"/>
  <Position Start="624" Length="631" Name="VendorShipDate"/>
  <Position Start="632" Length="646" Name="DeparmentName"/>
  <Position Start="647" Length="661" Name="ClassName"/>
  <Position Start="662" Length="664" Name="DepartmentCode"/>
  <Position Start="665" Length="666" Name="TopItemCode"/>
  <Position Start="667" Length="667" Name="NewItem"/>
  <Position Start="668" Length="668" Name="LabTest" />
  <Position Start="669" Length="673" Name="PickPackLocation"/>
  <Position Start="1378" Length="1378" Name="OrderType" DefaultValue="S"/>
</WriteFixedWidth>